"Step","layer_10_hook_mlp_out_gpt2_gated_fisher_false_project_TheStackPython - shrinkage.l2_ratio","layer_10_hook_mlp_out_gpt2_gated_fisher_false_project_TheStackPython - shrinkage.l2_ratio__MIN","layer_10_hook_mlp_out_gpt2_gated_fisher_false_project_TheStackPython - shrinkage.l2_ratio__MAX","layer_5_hook_mlp_out_gpt2_gated_fisher_false_project_TheStackPython - shrinkage.l2_ratio","layer_5_hook_mlp_out_gpt2_gated_fisher_false_project_TheStackPython - shrinkage.l2_ratio__MIN","layer_5_hook_mlp_out_gpt2_gated_fisher_false_project_TheStackPython - shrinkage.l2_ratio__MAX","layer_0_hook_mlp_out_gpt2_gated_fisher_false_project_TheStackPython - shrinkage.l2_ratio","layer_0_hook_mlp_out_gpt2_gated_fisher_false_project_TheStackPython - shrinkage.l2_ratio__MIN","layer_0_hook_mlp_out_gpt2_gated_fisher_false_project_TheStackPython - shrinkage.l2_ratio__MAX","layer_10_hook_mlp_out_gpt2_gated_fisher_true_project_TheStackPython - shrinkage.l2_ratio","layer_10_hook_mlp_out_gpt2_gated_fisher_true_project_TheStackPython - shrinkage.l2_ratio__MIN","layer_10_hook_mlp_out_gpt2_gated_fisher_true_project_TheStackPython - shrinkage.l2_ratio__MAX","layer_5_hook_mlp_out_gpt2_gated_fisher_true_project_TheStackPython - shrinkage.l2_ratio","layer_5_hook_mlp_out_gpt2_gated_fisher_true_project_TheStackPython - shrinkage.l2_ratio__MIN","layer_5_hook_mlp_out_gpt2_gated_fisher_true_project_TheStackPython - shrinkage.l2_ratio__MAX","layer_0_hook_mlp_out_gpt2_gated_fisher_true_project_TheStackPython - shrinkage.l2_ratio","layer_0_hook_mlp_out_gpt2_gated_fisher_true_project_TheStackPython - shrinkage.l2_ratio__MIN","layer_0_hook_mlp_out_gpt2_gated_fisher_true_project_TheStackPython - shrinkage.l2_ratio__MAX"
"599","2.1329996585845947","2.1329996585845947","2.1329996585845947","0.41732916235923767","0.41732916235923767","0.41732916235923767","0.8301542401313782","0.8301542401313782","0.8301542401313782","2.1335041522979736","2.1335041522979736","2.1335041522979736","0.4179001748561859","0.4179001748561859","0.4179001748561859","0.8303081393241882","0.8303081393241882","0.8303081393241882"
"1199","2.1479108333587646","2.1479108333587646","2.1479108333587646","0.4625406265258789","0.4625406265258789","0.4625406265258789","0.8785421252250671","0.8785421252250671","0.8785421252250671","2.147808074951172","2.147808074951172","2.147808074951172","0.46393847465515137","0.46393847465515137","0.46393847465515137","0.8786256909370422","0.8786256909370422","0.8786256909370422"
"1799","2.164794683456421","2.164794683456421","2.164794683456421","0.49091801047325134","0.49091801047325134","0.49091801047325134","0.9105483889579773","0.9105483889579773","0.9105483889579773","2.1644482612609863","2.1644482612609863","2.1644482612609863","0.49287739396095276","0.49287739396095276","0.49287739396095276","0.9109344482421875","0.9109344482421875","0.9109344482421875"
"2399","2.1513969898223877","2.1513969898223877","2.1513969898223877","0.5069178938865662","0.5069178938865662","0.5069178938865662","0.918372631072998","0.918372631072998","0.918372631072998","2.1520371437072754","2.1520371437072754","2.1520371437072754","0.5082215666770935","0.5082215666770935","0.5082215666770935","0.9191014170646667","0.9191014170646667","0.9191014170646667"
"2999","2.1628997325897217","2.1628997325897217","2.1628997325897217","0.5244306325912476","0.5244306325912476","0.5244306325912476","0.9214004874229431","0.9214004874229431","0.9214004874229431","2.1632535457611084","2.1632535457611084","2.1632535457611084","0.5259886980056763","0.5259886980056763","0.5259886980056763","0.9218325018882751","0.9218325018882751","0.9218325018882751"
"3599","2.1959211826324463","2.1959211826324463","2.1959211826324463","0.5371457934379578","0.5371457934379578","0.5371457934379578","0.9312867522239685","0.9312867522239685","0.9312867522239685","2.194810628890991","2.194810628890991","2.194810628890991","0.538481593132019","0.538481593132019","0.538481593132019","0.9314713478088379","0.9314713478088379","0.9314713478088379"
"4199","2.183927297592163","2.183927297592163","2.183927297592163","0.5465077757835388","0.5465077757835388","0.5465077757835388","0.9362144470214844","0.9362144470214844","0.9362144470214844","2.183791160583496","2.183791160583496","2.183791160583496","0.5473958253860474","0.5473958253860474","0.5473958253860474","0.9363406300544739","0.9363406300544739","0.9363406300544739"
"4799","2.195416212081909","2.195416212081909","2.195416212081909","0.5499809384346008","0.5499809384346008","0.5499809384346008","0.9362072944641113","0.9362072944641113","0.9362072944641113","2.196359634399414","2.196359634399414","2.196359634399414","0.5506238341331482","0.5506238341331482","0.5506238341331482","0.9365760684013367","0.9365760684013367","0.9365760684013367"
"5399","2.1945440769195557","2.1945440769195557","2.1945440769195557","0.5556866526603699","0.5556866526603699","0.5556866526603699","0.9428223967552185","0.9428223967552185","0.9428223967552185","2.195896625518799","2.195896625518799","2.195896625518799","0.5563430786132812","0.5563430786132812","0.5563430786132812","0.9431371092796326","0.9431371092796326","0.9431371092796326"
"5999","2.2100844383239746","2.2100844383239746","2.2100844383239746","0.5589129328727722","0.5589129328727722","0.5589129328727722","0.9460789561271667","0.9460789561271667","0.9460789561271667","2.2096996307373047","2.2096996307373047","2.2096996307373047","0.5597646832466125","0.5597646832466125","0.5597646832466125","0.9463476538658142","0.9463476538658142","0.9463476538658142"
"6599","2.2146005630493164","2.2146005630493164","2.2146005630493164","0.5661837458610535","0.5661837458610535","0.5661837458610535","0.944675087928772","0.944675087928772","0.944675087928772","2.216171979904175","2.216171979904175","2.216171979904175","0.5663061141967773","0.5663061141967773","0.5663061141967773","0.944580078125","0.944580078125","0.944580078125"
"7199","2.1974809169769287","2.1974809169769287","2.1974809169769287","0.5614213943481445","0.5614213943481445","0.5614213943481445","0.9471475481987","0.9471475481987","0.9471475481987","2.1977388858795166","2.1977388858795166","2.1977388858795166","0.5617257356643677","0.5617257356643677","0.5617257356643677","0.9472624063491821","0.9472624063491821","0.9472624063491821"
"7799","2.2317521572113037","2.2317521572113037","2.2317521572113037","0.5692165493965149","0.5692165493965149","0.5692165493965149","0.9474582672119141","0.9474582672119141","0.9474582672119141","2.230734348297119","2.230734348297119","2.230734348297119","0.569867730140686","0.569867730140686","0.569867730140686","0.947073757648468","0.947073757648468","0.947073757648468"
"8399","2.2180519104003906","2.2180519104003906","2.2180519104003906","0.5675340890884399","0.5675340890884399","0.5675340890884399","0.9462523460388184","0.9462523460388184","0.9462523460388184","2.2171642780303955","2.2171642780303955","2.2171642780303955","0.5679181814193726","0.5679181814193726","0.5679181814193726","0.9466134309768677","0.9466134309768677","0.9466134309768677"
"8999","2.2155861854553223","2.2155861854553223","2.2155861854553223","0.5737938284873962","0.5737938284873962","0.5737938284873962","0.9492023587226868","0.9492023587226868","0.9492023587226868","2.2204859256744385","2.2204859256744385","2.2204859256744385","0.5737399458885193","0.5737399458885193","0.5737399458885193","0.9492807388305664","0.9492807388305664","0.9492807388305664"
"9599","2.2117385864257812","2.2117385864257812","2.2117385864257812","0.5760902166366577","0.5760902166366577","0.5760902166366577","0.9539979100227356","0.9539979100227356","0.9539979100227356","2.2138659954071045","2.2138659954071045","2.2138659954071045","0.5765177607536316","0.5765177607536316","0.5765177607536316","0.9548965692520142","0.9548965692520142","0.9548965692520142"
"10199","2.2218804359436035","2.2218804359436035","2.2218804359436035","0.5711515545845032","0.5711515545845032","0.5711515545845032","0.9507034420967102","0.9507034420967102","0.9507034420967102","2.221621036529541","2.221621036529541","2.221621036529541","0.5711851716041565","0.5711851716041565","0.5711851716041565","0.9514991044998169","0.9514991044998169","0.9514991044998169"
"10799","2.2177822589874268","2.2177822589874268","2.2177822589874268","0.5740935206413269","0.5740935206413269","0.5740935206413269","0.954793393611908","0.954793393611908","0.954793393611908","2.222196578979492","2.222196578979492","2.222196578979492","0.5743383765220642","0.5743383765220642","0.5743383765220642","0.9538556933403015","0.9538556933403015","0.9538556933403015"
"11399","2.216881275177002","2.216881275177002","2.216881275177002","0.5761432647705078","0.5761432647705078","0.5761432647705078","0.9495109915733337","0.9495109915733337","0.9495109915733337","2.2178218364715576","2.2178218364715576","2.2178218364715576","0.5754841566085815","0.5754841566085815","0.5754841566085815","0.9513359069824219","0.9513359069824219","0.9513359069824219"
"11999","2.222025156021118","2.222025156021118","2.222025156021118","0.5783650279045105","0.5783650279045105","0.5783650279045105","0.9551281929016113","0.9551281929016113","0.9551281929016113","2.2213428020477295","2.2213428020477295","2.2213428020477295","0.5780569911003113","0.5780569911003113","0.5780569911003113","0.9539605379104614","0.9539605379104614","0.9539605379104614"
"12599","2.19854736328125","2.19854736328125","2.19854736328125","0.5756224989891052","0.5756224989891052","0.5756224989891052","0.9521760940551758","0.9521760940551758","0.9521760940551758","2.1974265575408936","2.1974265575408936","2.1974265575408936","0.5756317973136902","0.5756317973136902","0.5756317973136902","0.9519832730293274","0.9519832730293274","0.9519832730293274"
"13199","2.218271017074585","2.218271017074585","2.218271017074585","0.5738327503204346","0.5738327503204346","0.5738327503204346","0.9486917853355408","0.9486917853355408","0.9486917853355408","2.2213592529296875","2.2213592529296875","2.2213592529296875","0.5734277963638306","0.5734277963638306","0.5734277963638306","0.948882520198822","0.948882520198822","0.948882520198822"
"13799","2.2240540981292725","2.2240540981292725","2.2240540981292725","0.5797880291938782","0.5797880291938782","0.5797880291938782","0.9571146368980408","0.9571146368980408","0.9571146368980408","2.2233169078826904","2.2233169078826904","2.2233169078826904","0.5795802474021912","0.5795802474021912","0.5795802474021912","0.9571285247802734","0.9571285247802734","0.9571285247802734"
"14399","2.2235043048858643","2.2235043048858643","2.2235043048858643","0.5765972137451172","0.5765972137451172","0.5765972137451172","0.9543901681900024","0.9543901681900024","0.9543901681900024","2.2255046367645264","2.2255046367645264","2.2255046367645264","0.5764887928962708","0.5764887928962708","0.5764887928962708","0.9539317488670349","0.9539317488670349","0.9539317488670349"
"14999","2.221773147583008","2.221773147583008","2.221773147583008","0.57435542345047","0.57435542345047","0.57435542345047","0.9544944763183594","0.9544944763183594","0.9544944763183594","2.2198326587677","2.2198326587677","2.2198326587677","0.574335515499115","0.574335515499115","0.574335515499115","0.9543537497520447","0.9543537497520447","0.9543537497520447"
"15599","2.2284629344940186","2.2284629344940186","2.2284629344940186","0.5805506110191345","0.5805506110191345","0.5805506110191345","0.9511560797691345","0.9511560797691345","0.9511560797691345","2.228013753890991","2.228013753890991","2.228013753890991","0.5808610320091248","0.5808610320091248","0.5808610320091248","0.9524259567260742","0.9524259567260742","0.9524259567260742"
"16199","2.211447238922119","2.211447238922119","2.211447238922119","0.5714318752288818","0.5714318752288818","0.5714318752288818","0.9547138214111328","0.9547138214111328","0.9547138214111328","2.2135162353515625","2.2135162353515625","2.2135162353515625","0.5720165371894836","0.5720165371894836","0.5720165371894836","0.9553198218345642","0.9553198218345642","0.9553198218345642"
"16799","2.225364923477173","2.225364923477173","2.225364923477173","0.5730008482933044","0.5730008482933044","0.5730008482933044","0.9541568160057068","0.9541568160057068","0.9541568160057068","2.2251102924346924","2.2251102924346924","2.2251102924346924","0.5730514526367188","0.5730514526367188","0.5730514526367188","0.9531028866767883","0.9531028866767883","0.9531028866767883"
"17399","2.2131412029266357","2.2131412029266357","2.2131412029266357","0.5738937258720398","0.5738937258720398","0.5738937258720398","0.956690788269043","0.956690788269043","0.956690788269043","2.2138328552246094","2.2138328552246094","2.2138328552246094","0.5739870071411133","0.5739870071411133","0.5739870071411133","0.9569430351257324","0.9569430351257324","0.9569430351257324"
"17999","2.235217332839966","2.235217332839966","2.235217332839966","0.5719645619392395","0.5719645619392395","0.5719645619392395","0.9563605189323425","0.9563605189323425","0.9563605189323425","2.2356998920440674","2.2356998920440674","2.2356998920440674","0.5716163516044617","0.5716163516044617","0.5716163516044617","0.957567036151886","0.957567036151886","0.957567036151886"
"18599","2.2250282764434814","2.2250282764434814","2.2250282764434814","0.5761260986328125","0.5761260986328125","0.5761260986328125","0.9548067450523376","0.9548067450523376","0.9548067450523376","2.2243735790252686","2.2243735790252686","2.2243735790252686","0.5764865875244141","0.5764865875244141","0.5764865875244141","0.9566343426704407","0.9566343426704407","0.9566343426704407"
"19199","2.2315986156463623","2.2315986156463623","2.2315986156463623","0.5754117369651794","0.5754117369651794","0.5754117369651794","0.9589264988899231","0.9589264988899231","0.9589264988899231","2.2308056354522705","2.2308056354522705","2.2308056354522705","0.5755518078804016","0.5755518078804016","0.5755518078804016","0.9599512219429016","0.9599512219429016","0.9599512219429016"
"19799","2.2301414012908936","2.2301414012908936","2.2301414012908936","0.5769906044006348","0.5769906044006348","0.5769906044006348","0.9520746469497681","0.9520746469497681","0.9520746469497681","2.2281575202941895","2.2281575202941895","2.2281575202941895","0.5773549675941467","0.5773549675941467","0.5773549675941467","0.9504444003105164","0.9504444003105164","0.9504444003105164"