"Step","layer_10_hook_resid_mid_gpt2_gated_fisher_false_project_Devign - sparsity.l0","layer_10_hook_resid_mid_gpt2_gated_fisher_false_project_Devign - sparsity.l0__MIN","layer_10_hook_resid_mid_gpt2_gated_fisher_false_project_Devign - sparsity.l0__MAX","layer_5_hook_resid_mid_gpt2_gated_fisher_false_project_Devign - sparsity.l0","layer_5_hook_resid_mid_gpt2_gated_fisher_false_project_Devign - sparsity.l0__MIN","layer_5_hook_resid_mid_gpt2_gated_fisher_false_project_Devign - sparsity.l0__MAX","layer_0_hook_resid_mid_gpt2_gated_fisher_false_project_Devign - sparsity.l0","layer_0_hook_resid_mid_gpt2_gated_fisher_false_project_Devign - sparsity.l0__MIN","layer_0_hook_resid_mid_gpt2_gated_fisher_false_project_Devign - sparsity.l0__MAX","layer_10_hook_resid_mid_gpt2_gated_fisher_true_project_Devign - sparsity.l0","layer_10_hook_resid_mid_gpt2_gated_fisher_true_project_Devign - sparsity.l0__MIN","layer_10_hook_resid_mid_gpt2_gated_fisher_true_project_Devign - sparsity.l0__MAX","layer_5_hook_resid_mid_gpt2_gated_fisher_true_project_Devign - sparsity.l0","layer_5_hook_resid_mid_gpt2_gated_fisher_true_project_Devign - sparsity.l0__MIN","layer_5_hook_resid_mid_gpt2_gated_fisher_true_project_Devign - sparsity.l0__MAX","layer_0_hook_resid_mid_gpt2_gated_fisher_true_project_Devign - sparsity.l0","layer_0_hook_resid_mid_gpt2_gated_fisher_true_project_Devign - sparsity.l0__MIN","layer_0_hook_resid_mid_gpt2_gated_fisher_true_project_Devign - sparsity.l0__MAX"
"599","4181.037109375","4181.037109375","4181.037109375","2583.525146484375","2583.525146484375","2583.525146484375","2093.19287109375","2093.19287109375","2093.19287109375","4168.8525390625","4168.8525390625","4168.8525390625","2573.765625","2573.765625","2573.765625","1861.729736328125","1861.729736328125","1861.729736328125"
"1199","2655.485595703125","2655.485595703125","2655.485595703125","1646.073486328125","1646.073486328125","1646.073486328125","1626.74169921875","1626.74169921875","1626.74169921875","2641.581298828125","2641.581298828125","2641.581298828125","1632.509033203125","1632.509033203125","1632.509033203125","1397.1124267578125","1397.1124267578125","1397.1124267578125"
"1799","1852.2562255859375","1852.2562255859375","1852.2562255859375","1200.1253662109375","1200.1253662109375","1200.1253662109375","1380.5543212890625","1380.5543212890625","1380.5543212890625","1835.1455078125","1835.1455078125","1835.1455078125","1187.9161376953125","1187.9161376953125","1187.9161376953125","1161.5963134765625","1161.5963134765625","1161.5963134765625"
"2399","1290.2242431640625","1290.2242431640625","1290.2242431640625","917.2210083007812","917.2210083007812","917.2210083007812","1224.960205078125","1224.960205078125","1224.960205078125","1272.5980224609375","1272.5980224609375","1272.5980224609375","905.2069702148438","905.2069702148438","905.2069702148438","1020.7797241210938","1020.7797241210938","1020.7797241210938"
"2999","974.9693603515625","974.9693603515625","974.9693603515625","731.64501953125","731.64501953125","731.64501953125","1093.385009765625","1093.385009765625","1093.385009765625","961.080078125","961.080078125","961.080078125","722.6824951171875","722.6824951171875","722.6824951171875","902.8244018554688","902.8244018554688","902.8244018554688"
"3599","796.1488647460938","796.1488647460938","796.1488647460938","596.933349609375","596.933349609375","596.933349609375","1008.7553100585938","1008.7553100585938","1008.7553100585938","784.5814819335938","784.5814819335938","784.5814819335938","589.2989501953125","589.2989501953125","589.2989501953125","825.4766845703125","825.4766845703125","825.4766845703125"
"4199","608.2518310546875","608.2518310546875","608.2518310546875","493.7798767089844","493.7798767089844","493.7798767089844","936.1692504882812","936.1692504882812","936.1692504882812","602.459716796875","602.459716796875","602.459716796875","487.9125061035156","487.9125061035156","487.9125061035156","757.6683959960938","757.6683959960938","757.6683959960938"
"4799","497.9761657714844","497.9761657714844","497.9761657714844","424.6505432128906","424.6505432128906","424.6505432128906","880.6985473632812","880.6985473632812","880.6985473632812","494.14678955078125","494.14678955078125","494.14678955078125","419.619140625","419.619140625","419.619140625","710.4185180664062","710.4185180664062","710.4185180664062"
"5399","422.50225830078125","422.50225830078125","422.50225830078125","376.5670471191406","376.5670471191406","376.5670471191406","838.3400268554688","838.3400268554688","838.3400268554688","420.1915588378906","420.1915588378906","420.1915588378906","372.5152282714844","372.5152282714844","372.5152282714844","672.3834228515625","672.3834228515625","672.3834228515625"
"5999","359.893798828125","359.893798828125","359.893798828125","332.0013122558594","332.0013122558594","332.0013122558594","795.2079467773438","795.2079467773438","795.2079467773438","358.5452575683594","358.5452575683594","358.5452575683594","327.8117370605469","327.8117370605469","327.8117370605469","634.0906372070312","634.0906372070312","634.0906372070312"
"6599","311.6714172363281","311.6714172363281","311.6714172363281","296.5731506347656","296.5731506347656","296.5731506347656","760.9579467773438","760.9579467773438","760.9579467773438","310.6376953125","310.6376953125","310.6376953125","293.169677734375","293.169677734375","293.169677734375","604.2638549804688","604.2638549804688","604.2638549804688"
"7199","283.6464538574219","283.6464538574219","283.6464538574219","271.7897644042969","271.7897644042969","271.7897644042969","720.5972900390625","720.5972900390625","720.5972900390625","282.625","282.625","282.625","268.86480712890625","268.86480712890625","268.86480712890625","569.383056640625","569.383056640625","569.383056640625"
"7799","256.9356384277344","256.9356384277344","256.9356384277344","250.8217315673828","250.8217315673828","250.8217315673828","693.3329467773438","693.3329467773438","693.3329467773438","256.2254943847656","256.2254943847656","256.2254943847656","247.5608367919922","247.5608367919922","247.5608367919922","548.6513061523438","548.6513061523438","548.6513061523438"
"8399","232.7024383544922","232.7024383544922","232.7024383544922","231.54507446289062","231.54507446289062","231.54507446289062","663.9568481445312","663.9568481445312","663.9568481445312","232.3420867919922","232.3420867919922","232.3420867919922","229.0273895263672","229.0273895263672","229.0273895263672","519.4985961914062","519.4985961914062","519.4985961914062"
"8999","220.26931762695312","220.26931762695312","220.26931762695312","218.9545440673828","218.9545440673828","218.9545440673828","643.4517822265625","643.4517822265625","643.4517822265625","219.87889099121094","219.87889099121094","219.87889099121094","216.6770477294922","216.6770477294922","216.6770477294922","503.4692077636719","503.4692077636719","503.4692077636719"
"9599","204.103759765625","204.103759765625","204.103759765625","203.4247589111328","203.4247589111328","203.4247589111328","617.1267700195312","617.1267700195312","617.1267700195312","203.8306121826172","203.8306121826172","203.8306121826172","200.7466583251953","200.7466583251953","200.7466583251953","481.9084167480469","481.9084167480469","481.9084167480469"
"10199","197.20774841308594","197.20774841308594","197.20774841308594","195.118896484375","195.118896484375","195.118896484375","601.072265625","601.072265625","601.072265625","196.8521270751953","196.8521270751953","196.8521270751953","192.76187133789062","192.76187133789062","192.76187133789062","470.4004821777344","470.4004821777344","470.4004821777344"
"10799","187.5830841064453","187.5830841064453","187.5830841064453","186.7310333251953","186.7310333251953","186.7310333251953","582.9701538085938","582.9701538085938","582.9701538085938","187.07669067382812","187.07669067382812","187.07669067382812","184.33682250976562","184.33682250976562","184.33682250976562","453.6449890136719","453.6449890136719","453.6449890136719"
"11399","174.0993194580078","174.0993194580078","174.0993194580078","174.818359375","174.818359375","174.818359375","558.7338256835938","558.7338256835938","558.7338256835938","173.9199676513672","173.9199676513672","173.9199676513672","172.34939575195312","172.34939575195312","172.34939575195312","433.9435729980469","433.9435729980469","433.9435729980469"
"11999","169.09414672851562","169.09414672851562","169.09414672851562","168.17613220214844","168.17613220214844","168.17613220214844","546.1204223632812","546.1204223632812","546.1204223632812","168.37107849121094","168.37107849121094","168.37107849121094","166.2039337158203","166.2039337158203","166.2039337158203","423.3148498535156","423.3148498535156","423.3148498535156"
"12599","160.18472290039062","160.18472290039062","160.18472290039062","160.7126922607422","160.7126922607422","160.7126922607422","534.7272338867188","534.7272338867188","534.7272338867188","159.6396942138672","159.6396942138672","159.6396942138672","158.65676879882812","158.65676879882812","158.65676879882812","413.4051818847656","413.4051818847656","413.4051818847656"
"13199","153.1033172607422","153.1033172607422","153.1033172607422","153.0421600341797","153.0421600341797","153.0421600341797","517.854736328125","517.854736328125","517.854736328125","152.5773162841797","152.5773162841797","152.5773162841797","150.9932098388672","150.9932098388672","150.9932098388672","400.19146728515625","400.19146728515625","400.19146728515625"
"13799","151.60208129882812","151.60208129882812","151.60208129882812","149.62527465820312","149.62527465820312","149.62527465820312","507.7406311035156","507.7406311035156","507.7406311035156","150.81602478027344","150.81602478027344","150.81602478027344","147.3245391845703","147.3245391845703","147.3245391845703","393.52740478515625","393.52740478515625","393.52740478515625"
"14399","144.76394653320312","144.76394653320312","144.76394653320312","142.553955078125","142.553955078125","142.553955078125","494.72003173828125","494.72003173828125","494.72003173828125","144.08389282226562","144.08389282226562","144.08389282226562","140.7838897705078","140.7838897705078","140.7838897705078","381.1952819824219","381.1952819824219","381.1952819824219"
"14999","137.527587890625","137.527587890625","137.527587890625","136.2797088623047","136.2797088623047","136.2797088623047","477.74169921875","477.74169921875","477.74169921875","137.2086639404297","137.2086639404297","137.2086639404297","134.5772705078125","134.5772705078125","134.5772705078125","369.7441101074219","369.7441101074219","369.7441101074219"
"15599","135.1340789794922","135.1340789794922","135.1340789794922","132.7068328857422","132.7068328857422","132.7068328857422","466.6156921386719","466.6156921386719","466.6156921386719","134.63279724121094","134.63279724121094","134.63279724121094","130.91099548339844","130.91099548339844","130.91099548339844","359.9703063964844","359.9703063964844","359.9703063964844"
"16199","130.47984313964844","130.47984313964844","130.47984313964844","129.4295196533203","129.4295196533203","129.4295196533203","457.759765625","457.759765625","457.759765625","130.0719757080078","130.0719757080078","130.0719757080078","127.912109375","127.912109375","127.912109375","353.55999755859375","353.55999755859375","353.55999755859375"
"16799","126.7723617553711","126.7723617553711","126.7723617553711","125.11748504638672","125.11748504638672","125.11748504638672","445.1429138183594","445.1429138183594","445.1429138183594","126.22344207763672","126.22344207763672","126.22344207763672","123.45024871826172","123.45024871826172","123.45024871826172","343.75347900390625","343.75347900390625","343.75347900390625"
"17399","122.9601058959961","122.9601058959961","122.9601058959961","121.82927703857422","121.82927703857422","121.82927703857422","438.98907470703125","438.98907470703125","438.98907470703125","122.5846176147461","122.5846176147461","122.5846176147461","120.18782043457031","120.18782043457031","120.18782043457031","338.6722106933594","338.6722106933594","338.6722106933594"
"17999","120.22004699707031","120.22004699707031","120.22004699707031","118.888427734375","118.888427734375","118.888427734375","426.71923828125","426.71923828125","426.71923828125","119.66912078857422","119.66912078857422","119.66912078857422","117.36064910888672","117.36064910888672","117.36064910888672","330.02294921875","330.02294921875","330.02294921875"
"18599","115.76982879638672","115.76982879638672","115.76982879638672","114.65776824951172","114.65776824951172","114.65776824951172","416.0140686035156","416.0140686035156","416.0140686035156","115.3060073852539","115.3060073852539","115.3060073852539","113.1697006225586","113.1697006225586","113.1697006225586","320.749755859375","320.749755859375","320.749755859375"
"19199","114.87456512451172","114.87456512451172","114.87456512451172","112.88056945800781","112.88056945800781","112.88056945800781","411.0083923339844","411.0083923339844","411.0083923339844","114.4024658203125","114.4024658203125","114.4024658203125","111.51128387451172","111.51128387451172","111.51128387451172","317.2919616699219","317.2919616699219","317.2919616699219"
"19799","110.90874481201172","110.90874481201172","110.90874481201172","109.91059875488281","109.91059875488281","109.91059875488281","400.8424072265625","400.8424072265625","400.8424072265625","110.36360168457031","110.36360168457031","110.36360168457031","108.60888671875","108.60888671875","108.60888671875","309.69915771484375","309.69915771484375","309.69915771484375"