"Step","layer_10_residual_mid_gpt2_standard_fisher_false_project_Devign - sparsity.l0","layer_10_residual_mid_gpt2_standard_fisher_false_project_Devign - sparsity.l0__MIN","layer_10_residual_mid_gpt2_standard_fisher_false_project_Devign - sparsity.l0__MAX","layer_10_residual_mid_gpt2_topk_fisher_false_project_Devign - sparsity.l0","layer_10_residual_mid_gpt2_topk_fisher_false_project_Devign - sparsity.l0__MIN","layer_10_residual_mid_gpt2_topk_fisher_false_project_Devign - sparsity.l0__MAX","layer_10_residual_mid_gpt2_jumprelu_fisher_false_project_Devign - sparsity.l0","layer_10_residual_mid_gpt2_jumprelu_fisher_false_project_Devign - sparsity.l0__MIN","layer_10_residual_mid_gpt2_jumprelu_fisher_false_project_Devign - sparsity.l0__MAX","layer_10_residual_mid_gpt2_gated_fisher_false_project_Devign - sparsity.l0","layer_10_residual_mid_gpt2_gated_fisher_false_project_Devign - sparsity.l0__MIN","layer_10_residual_mid_gpt2_gated_fisher_false_project_Devign - sparsity.l0__MAX","layer_10_residual_mid_gpt2_standard_fisher_true_project_Devign - sparsity.l0","layer_10_residual_mid_gpt2_standard_fisher_true_project_Devign - sparsity.l0__MIN","layer_10_residual_mid_gpt2_standard_fisher_true_project_Devign - sparsity.l0__MAX","layer_10_residual_mid_gpt2_topk_fisher_true_project_Devign - sparsity.l0","layer_10_residual_mid_gpt2_topk_fisher_true_project_Devign - sparsity.l0__MIN","layer_10_residual_mid_gpt2_topk_fisher_true_project_Devign - sparsity.l0__MAX","layer_10_residual_mid_gpt2_jumprelu_fisher_true_project_Devign - sparsity.l0","layer_10_residual_mid_gpt2_jumprelu_fisher_true_project_Devign - sparsity.l0__MIN","layer_10_residual_mid_gpt2_jumprelu_fisher_true_project_Devign - sparsity.l0__MAX","layer_10_residual_mid_gpt2_gated_fisher_true_project_Devign - sparsity.l0","layer_10_residual_mid_gpt2_gated_fisher_true_project_Devign - sparsity.l0__MIN","layer_10_residual_mid_gpt2_gated_fisher_true_project_Devign - sparsity.l0__MAX"
"599","12113.2685546875","12113.2685546875","12113.2685546875","100","100","100","12110.40625","12110.40625","12110.40625","4181.037109375","4181.037109375","4181.037109375","11877.8486328125","11877.8486328125","11877.8486328125","100","100","100","11871.6318359375","11871.6318359375","11871.6318359375","4168.8525390625","4168.8525390625","4168.8525390625"
"1199","12068.908203125","12068.908203125","12068.908203125","100","100","100","12065.6005859375","12065.6005859375","12065.6005859375","2655.485595703125","2655.485595703125","2655.485595703125","11327.2685546875","11327.2685546875","11327.2685546875","100","100","100","11315.583984375","11315.583984375","11315.583984375","2641.581298828125","2641.581298828125","2641.581298828125"
"1799","11986.8642578125","11986.8642578125","11986.8642578125","100","100","100","11982.5029296875","11982.5029296875","11982.5029296875","1852.2562255859375","1852.2562255859375","1852.2562255859375","10572.2392578125","10572.2392578125","10572.2392578125","100","100","100","10555.091796875","10555.091796875","10555.091796875","1835.1455078125","1835.1455078125","1835.1455078125"
"2399","11925.0498046875","11925.0498046875","11925.0498046875","100","100","100","11920.1611328125","11920.1611328125","11920.1611328125","1290.2242431640625","1290.2242431640625","1290.2242431640625","9934.7763671875","9934.7763671875","9934.7763671875","100","100","100","9915.150390625","9915.150390625","9915.150390625","1272.5980224609375","1272.5980224609375","1272.5980224609375"
"2999","11889.5869140625","11889.5869140625","11889.5869140625","100","100","100","11884.09375","11884.09375","11884.09375","974.9693603515625","974.9693603515625","974.9693603515625","9741.0341796875","9741.0341796875","9741.0341796875","100","100","100","9719.7734375","9719.7734375","9719.7734375","961.080078125","961.080078125","961.080078125"
"3599","11870.03125","11870.03125","11870.03125","100","100","100","11863.9267578125","11863.9267578125","11863.9267578125","796.1488647460938","796.1488647460938","796.1488647460938","9298.9267578125","9298.9267578125","9298.9267578125","100","100","100","9275.9833984375","9275.9833984375","9275.9833984375","784.5814819335938","784.5814819335938","784.5814819335938"
"4199","11924.9755859375","11924.9755859375","11924.9755859375","100","100","100","11919.958984375","11919.958984375","11919.958984375","608.2518310546875","608.2518310546875","608.2518310546875","9471.6376953125","9471.6376953125","9471.6376953125","100","100","100","9447.6044921875","9447.6044921875","9447.6044921875","602.459716796875","602.459716796875","602.459716796875"
"4799","11993.2177734375","11993.2177734375","11993.2177734375","100","100","100","11989.296875","11989.296875","11989.296875","497.9761657714844","497.9761657714844","497.9761657714844","9679.443359375","9679.443359375","9679.443359375","100","100","100","9656.310546875","9656.310546875","9656.310546875","494.14678955078125","494.14678955078125","494.14678955078125"
"5399","12015.2744140625","12015.2744140625","12015.2744140625","100","100","100","12010.314453125","12010.314453125","12010.314453125","422.50225830078125","422.50225830078125","422.50225830078125","9852.7841796875","9852.7841796875","9852.7841796875","100","100","100","9829.291015625","9829.291015625","9829.291015625","420.1915588378906","420.1915588378906","420.1915588378906"
"5999","12072.1240234375","12072.1240234375","12072.1240234375","100","100","100","12068.822265625","12068.822265625","12068.822265625","359.893798828125","359.893798828125","359.893798828125","10136.947265625","10136.947265625","10136.947265625","100","100","100","10113.3203125","10113.3203125","10113.3203125","358.5452575683594","358.5452575683594","358.5452575683594"
"6599","12085.953125","12085.953125","12085.953125","100","100","100","12085.7841796875","12085.7841796875","12085.7841796875","311.6714172363281","311.6714172363281","311.6714172363281","10266.5419921875","10266.5419921875","10266.5419921875","100","100","100","10240.939453125","10240.939453125","10240.939453125","310.6376953125","310.6376953125","310.6376953125"
"7199","12091.0263671875","12091.0263671875","12091.0263671875","100","100","100","12077.7333984375","12077.7333984375","12077.7333984375","283.6464538574219","283.6464538574219","283.6464538574219","10390.6240234375","10390.6240234375","10390.6240234375","100","100","100","10364.1435546875","10364.1435546875","10364.1435546875","282.625","282.625","282.625"
"7799","12088.7763671875","12088.7763671875","12088.7763671875","100","100","100","12095.8583984375","12095.8583984375","12095.8583984375","256.9356384277344","256.9356384277344","256.9356384277344","10485.0634765625","10485.0634765625","10485.0634765625","100","100","100","10468.380859375","10468.380859375","10468.380859375","256.2254943847656","256.2254943847656","256.2254943847656"
"8399","12081.9580078125","12081.9580078125","12081.9580078125","100","100","100","12085.1201171875","12085.1201171875","12085.1201171875","232.7024383544922","232.7024383544922","232.7024383544922","10558.4619140625","10558.4619140625","10558.4619140625","100","100","100","10533.5439453125","10533.5439453125","10533.5439453125","232.3420867919922","232.3420867919922","232.3420867919922"
"8999","12060.2001953125","12060.2001953125","12060.2001953125","100","100","100","12045.5048828125","12045.5048828125","12045.5048828125","220.26931762695312","220.26931762695312","220.26931762695312","10593.931640625","10593.931640625","10593.931640625","100","100","100","10578.3896484375","10578.3896484375","10578.3896484375","219.87889099121094","219.87889099121094","219.87889099121094"
"9599","12083.322265625","12083.322265625","12083.322265625","100","100","100","12074.0078125","12074.0078125","12074.0078125","204.103759765625","204.103759765625","204.103759765625","10661.5703125","10661.5703125","10661.5703125","100","100","100","10641.0205078125","10641.0205078125","10641.0205078125","203.8306121826172","203.8306121826172","203.8306121826172"
"10199","12078.1796875","12078.1796875","12078.1796875","100","100","100","12076.2177734375","12076.2177734375","12076.2177734375","197.20774841308594","197.20774841308594","197.20774841308594","10658.4873046875","10658.4873046875","10658.4873046875","100","100","100","10642.1689453125","10642.1689453125","10642.1689453125","196.8521270751953","196.8521270751953","196.8521270751953"
"10799","12061.9208984375","12061.9208984375","12061.9208984375","100","100","100","12076.806640625","12076.806640625","12076.806640625","187.5830841064453","187.5830841064453","187.5830841064453","10685.5283203125","10685.5283203125","10685.5283203125","100","100","100","10658.0849609375","10658.0849609375","10658.0849609375","187.07669067382812","187.07669067382812","187.07669067382812"
"11399","12071.9736328125","12071.9736328125","12071.9736328125","100","100","100","12095.9580078125","12095.9580078125","12095.9580078125","174.0993194580078","174.0993194580078","174.0993194580078","10711.4755859375","10711.4755859375","10711.4755859375","100","100","100","10681.6943359375","10681.6943359375","10681.6943359375","173.9199676513672","173.9199676513672","173.9199676513672"
"11999","12057.3125","12057.3125","12057.3125","100","100","100","12025.6318359375","12025.6318359375","12025.6318359375","169.09414672851562","169.09414672851562","169.09414672851562","10732.2529296875","10732.2529296875","10732.2529296875","100","100","100","10697.8505859375","10697.8505859375","10697.8505859375","168.37107849121094","168.37107849121094","168.37107849121094"
"12599","12061.9873046875","12061.9873046875","12061.9873046875","100","100","100","12061.5166015625","12061.5166015625","12061.5166015625","160.18472290039062","160.18472290039062","160.18472290039062","10770.71484375","10770.71484375","10770.71484375","100","100","100","10732.5517578125","10732.5517578125","10732.5517578125","159.6396942138672","159.6396942138672","159.6396942138672"
"13199","12094.0615234375","12094.0615234375","12094.0615234375","100","100","100","12071.4765625","12071.4765625","12071.4765625","153.1033172607422","153.1033172607422","153.1033172607422","10778.943359375","10778.943359375","10778.943359375","100","100","100","10756.09375","10756.09375","10756.09375","152.5773162841797","152.5773162841797","152.5773162841797"
"13799","12073.8359375","12073.8359375","12073.8359375","100","100","100","12059.4267578125","12059.4267578125","12059.4267578125","151.60208129882812","151.60208129882812","151.60208129882812","10775.9111328125","10775.9111328125","10775.9111328125","100","100","100","10747.5556640625","10747.5556640625","10747.5556640625","150.81602478027344","150.81602478027344","150.81602478027344"
"14399","12062.4990234375","12062.4990234375","12062.4990234375","100","100","100","12057.478515625","12057.478515625","12057.478515625","144.76394653320312","144.76394653320312","144.76394653320312","10776.5126953125","10776.5126953125","10776.5126953125","100","100","100","10754.9462890625","10754.9462890625","10754.9462890625","144.08389282226562","144.08389282226562","144.08389282226562"
"14999","12066.5","12066.5","12066.5","100","100","100","12053.0166015625","12053.0166015625","12053.0166015625","137.527587890625","137.527587890625","137.527587890625","10772.974609375","10772.974609375","10772.974609375","100","100","100","10749.5908203125","10749.5908203125","10749.5908203125","137.2086639404297","137.2086639404297","137.2086639404297"
"15599","12057.2138671875","12057.2138671875","12057.2138671875","100","100","100","12057.6943359375","12057.6943359375","12057.6943359375","135.1340789794922","135.1340789794922","135.1340789794922","10782.9814453125","10782.9814453125","10782.9814453125","100","100","100","10755.9248046875","10755.9248046875","10755.9248046875","134.63279724121094","134.63279724121094","134.63279724121094"
"16199","12073.650390625","12073.650390625","12073.650390625","100","100","100","12058.921875","12058.921875","12058.921875","130.47984313964844","130.47984313964844","130.47984313964844","10785.9873046875","10785.9873046875","10785.9873046875","100","100","100","10767.345703125","10767.345703125","10767.345703125","130.0719757080078","130.0719757080078","130.0719757080078"
"16799","12052.0537109375","12052.0537109375","12052.0537109375","100","100","100","12057.65625","12057.65625","12057.65625","126.7723617553711","126.7723617553711","126.7723617553711","10777.9287109375","10777.9287109375","10777.9287109375","100","100","100","10751.3447265625","10751.3447265625","10751.3447265625","126.22344207763672","126.22344207763672","126.22344207763672"
"17399","12060.8564453125","12060.8564453125","12060.8564453125","100","100","100","12057.609375","12057.609375","12057.609375","122.9601058959961","122.9601058959961","122.9601058959961","10770.1279296875","10770.1279296875","10770.1279296875","100","100","100","10738.5087890625","10738.5087890625","10738.5087890625","122.5846176147461","122.5846176147461","122.5846176147461"
"17999","12067.5654296875","12067.5654296875","12067.5654296875","100","100","100","12056.8193359375","12056.8193359375","12056.8193359375","120.22004699707031","120.22004699707031","120.22004699707031","10767.2021484375","10767.2021484375","10767.2021484375","100","100","100","10737.478515625","10737.478515625","10737.478515625","119.66912078857422","119.66912078857422","119.66912078857422"
"18599","12045.4599609375","12045.4599609375","12045.4599609375","100","100","100","12068.2080078125","12068.2080078125","12068.2080078125","115.76982879638672","115.76982879638672","115.76982879638672","10775.3701171875","10775.3701171875","10775.3701171875","100","100","100","10745.1943359375","10745.1943359375","10745.1943359375","115.3060073852539","115.3060073852539","115.3060073852539"
"19199","12066.2421875","12066.2421875","12066.2421875","100","100","100","12073.6298828125","12073.6298828125","12073.6298828125","114.87456512451172","114.87456512451172","114.87456512451172","10774.392578125","10774.392578125","10774.392578125","100","100","100","10745.1728515625","10745.1728515625","10745.1728515625","114.4024658203125","114.4024658203125","114.4024658203125"
"19799","12067.8779296875","12067.8779296875","12067.8779296875","100","100","100","12083.6943359375","12083.6943359375","12083.6943359375","110.90874481201172","110.90874481201172","110.90874481201172","10770.8388671875","10770.8388671875","10770.8388671875","100","100","100","10748.4921875","10748.4921875","10748.4921875","110.36360168457031","110.36360168457031","110.36360168457031"